Year Identifier,CPI
91,0.55428
93,0.58722
96,0.63581
99,0.67658
2002,0.72929
2005,0.78529
2008,0.86922
2011,0.90687
2014,0.96326
2017,1
