Year Identifier,CPI
91,1
93,1.11931
96,1.21193
99,1.28964
2002,1.39011
2005,1.49686
2008,1.65683
2011,1.72859
2014,1.83606
2017,1.90611
